[
  {
    "Id": "891664",
    "ThreadId": "389136",
    "Html": "\r\n<p>I believe the code was written in VB.NET, did you just use only one form in the program, some were all functions? I want to know too if what technique did you use in hiding the files into the image? Was it LSB or not? And one last more, can I make it more\r\n simpler -- just the encode/decode, encrypt and decrypt feature of the program? Of course with your help. Need your reply ASAP! :)</p>\r\n",
    "PostedDate": "2012-07-26T06:24:22.113-07:00",
    "UserRole": null,
    "MarkedAsAnswerDate": null
  }
]