[
  {
    "Title": "Home",
    "Id": "439988",
    "ParentWikiTitle": "Home",
    "FileExtension": "codeplexwiki",
    "UpdatedDate": "2011-06-20T01:01:18.32-07:00",
    "FileAttachments": [
      {
        "Id": "0bb3fcf3-3d75-4085-9c7a-c4b73dbc5c48",
        "FileName": "Image Steganography Screen shot.png",
        "DownloadUri": "./439988/0bb3fcf3-3d75-4085-9c7a-c4b73dbc5c48"
      }
    ]
  },
  {
    "Title": "Documentation",
    "Id": "414497",
    "ParentWikiTitle": "Documentation",
    "FileExtension": "codeplexwiki",
    "UpdatedDate": "2011-04-23T13:14:57.23-07:00",
    "FileAttachments": [
      {
        "Id": "682a2d2c-669c-4015-a27f-b793d7eb2651",
        "FileName": "Demo Image.png",
        "DownloadUri": "./414497/682a2d2c-669c-4015-a27f-b793d7eb2651"
      },
      {
        "Id": "465d530b-5424-45c7-9aa3-6b86b918102c",
        "FileName": "Image Steganography Screen shot - 'Pre-scale Image' Close up.png",
        "DownloadUri": "./414497/465d530b-5424-45c7-9aa3-6b86b918102c"
      }
    ]
  }
]
